-- --------------------------------------------------------
-- 호스트:                          127.0.0.1
-- 서버 버전:                        10.11.10-MariaDB - mariadb.org binary distribution
-- 서버 OS:                        Win64
-- HeidiSQL 버전:                  12.8.0.6908
-- --------------------------------------------------------

/*!40101 SET @OLD_CHARACTER_SET_CLIENT=@@CHARACTER_SET_CLIENT */;
/*!40101 SET NAMES utf8 */;
/*!50503 SET NAMES utf8mb4 */;
/*!40103 SET @OLD_TIME_ZONE=@@TIME_ZONE */;
/*!40103 SET TIME_ZONE='+00:00' */;
/*!40014 SET @OLD_FOREIGN_KEY_CHECKS=@@FOREIGN_KEY_CHECKS, FOREIGN_KEY_CHECKS=0 */;
/*!40101 SET @OLD_SQL_MODE=@@SQL_MODE, SQL_MODE='NO_AUTO_VALUE_ON_ZERO' */;
/*!40111 SET @OLD_SQL_NOTES=@@SQL_NOTES, SQL_NOTES=0 */;


-- th 데이터베이스 구조 내보내기
DROP DATABASE IF EXISTS `th`;
CREATE DATABASE IF NOT EXISTS `th` /*!40100 DEFAULT CHARACTER SET utf8mb4 COLLATE utf8mb4_general_ci */;
USE `th`;

-- 테이블 th.faq 구조 내보내기
DROP TABLE IF EXISTS `faq`;
CREATE TABLE IF NOT EXISTS `faq` (
  `id` bigint(20) NOT NULL AUTO_INCREMENT,
  `category` varchar(255) DEFAULT NULL,
  `content` text DEFAULT NULL,
  `created_at` datetime(6) DEFAULT NULL,
  `title` varchar(255) DEFAULT NULL,
  PRIMARY KEY (`id`)
) ENGINE=InnoDB AUTO_INCREMENT=14 DEFAULT CHARSET=utf8mb4 COLLATE=utf8mb4_general_ci;

-- 테이블 데이터 th.faq:~13 rows (대략적) 내보내기
DELETE FROM `faq`;
INSERT INTO `faq` (`id`, `category`, `content`, `created_at`, `title`) VALUES
	(1, '수상레저', '수상레저 및 워터파크는 매일 오전 9시부터 오후 6시까지 운영되고 있습니다. 운영 시간은 기상 상황 및 내부 사정에 따라 변경될 수 있으니, 방문 전 홈페이지 공지사항을 확인해주시기 바랍니다.', '2025-08-06 16:04:18.000000', '수상레저 운영시간이 어떻게 되나요?'),
	(2, '수상레저', '고객님의 안전한 이용을 위해 수상레저 기구 이용 시 키와 체중 제한이 있습니다.\n110cm 미만: 수상레저 놀이기구 및 제트보트 이용 불가\n110cm 이상 ~ 130cm 미만: 일부 놀이기구 제한, 제트보트 소프트운행만 가능\n130cm 이상: 대부분 기구 이용 가능\n\n※ 제트보트 및 견인 기구는 14세 미만 고객은 보호자 동반 시 이용 가능하나, 키 130cm 미만일 경우 제트보트 이용이 제한됩니다.\n※ 플레이어즈는 체중 40kg 이상이어야 하며, 동승자와의 체격 차이에 따라 현장에서 제한될 수 있습니다.\n※ 안전요원 및 드라이버 판단 하에 운행 강도가 조절될 수 있습니다.', '2025-08-06 16:04:18.000000', '수상레저 이용 시 제한사항이 있나요?'),
	(3, '수상레저', '네, 숙박 고객이 아니더라도 수상레저 시설을 자유롭게 이용하실 수 있습니다. 온라인에서 이용권을 예매하시거나, 현장 안내데스크(결제부스)에서 바로 구매 후 이용이 가능합니다.', '2025-08-06 16:04:18.000000', '숙박을 하지 않아도 수상레저 이용이 가능한가요?'),
	(4, '수상레저', '샤워실에는 별도의 세면도구가 비치되어 있지 않습니다. 수건 등은 개인 지참을 부탁드립니다.', '2025-08-06 16:04:18.000000', '샤워실에 세면도구가 준비되어 있나요?'),
	(5, '수상레저', '현장에는 개인 사물함(보관함)이 준비되어 있으며 유료로 이용하실 수 있습니다. 이용 가능 여부와 요금은 현장 안내를 참고해 주세요.', '2025-08-06 16:04:18.000000', '물건을 보관할 곳이 있나요?'),
	(6, '객실예약', '체크인은 오후 3시부터 가능하며, 체크아웃은 익일 오전 11시까지입니다. 쾌적한 객실 정비를 위해 지정된 시간을 준수해 주세요.', '2025-08-06 16:04:18.000000', '체크인, 체크아웃 시간이 어떻게 되나요?'),
	(7, '객실예약', '객실 예약은 기본적으로 패키지 상품 위주로 운영됩니다. 다만 일자 및 객실 상황에 따라 단독 객실 예약이 가능할 수 있으니 문의해 주세요.', '2025-08-06 16:04:18.000000', '객실만 별도로 예약이 가능한가요?'),
	(8, '객실예약', '안전과 위생을 위해 객실 내 취사는 금지됩니다. 조리기구 반입 및 사용 또한 제한되며, 지정된 BBQ장 외에는 음식 조리가 불가합니다.', '2025-08-06 16:04:18.000000', '객실 내에서 취사가 가능한가요?'),
	(9, '기타', '추가 인원은 사전 예약 시 프런트로 신청하거나, 현장 체크인 시 결제하실 수 있습니다. 현장 상황에 따라 인원 추가가 제한될 수 있으니 사전 문의 바랍니다.', '2025-08-06 16:04:18.000000', '인원 추가는 어떻게 하나요?'),
	(10, '기타', '리조트 내 주차장은 무료로 이용 가능합니다. 성수기 등 혼잡 시 만차로 인해 대기가 발생할 수 있습니다.', '2025-08-06 16:04:18.000000', '주차장이 있나요?'),
	(11, '기타', '일부 공용구역에서는 취식이 제한될 수 있습니다. 객실 내에서는 음식 조리가 금지되어 있으며, 지정된 장소에서만 섭취해 주세요.', '2025-08-06 16:04:18.000000', '주류, 음료 및 외부 음식 반입이 가능한가요?'),
	(12, '결제/취소', '환불이 지연될 경우 결제수단(카드/계좌/간편결제)을 먼저 확인해 주세요. 카드사 또는 은행에 직접 문의하시면 처리 상태 확인이 가능하며, TeamHub 고객센터로 접수하시면 추가 안내를 도와드립니다.', '2025-08-06 16:04:18.000000', '환불이 지연되는 경우 어떻게 하나요?'),
	(13, '결제/취소', '환불 완료 알림을 받으신 후에도 카드사/은행 사정에 따라 입금까지 시간이 소요될 수 있습니다. 가장 정확한 확인 방법은 결제 수단을 기준으로 해당 기관에 직접 문의하시는 것입니다.', '2025-08-06 16:04:18.000000', '환불 확인은 어떻게 하나요?');

-- 테이블 th.notice 구조 내보내기
DROP TABLE IF EXISTS `notice`;
CREATE TABLE IF NOT EXISTS `notice` (
  `id` bigint(20) NOT NULL AUTO_INCREMENT,
  `content` text DEFAULT NULL,
  `created_at` datetime(6) DEFAULT NULL,
  `pinned` bit(1) NOT NULL,
  `title` varchar(255) DEFAULT NULL,
  PRIMARY KEY (`id`)
) ENGINE=InnoDB AUTO_INCREMENT=12 DEFAULT CHARSET=utf8mb4 COLLATE=utf8mb4_general_ci;

-- 테이블 데이터 th.notice:~11 rows (대략적) 내보내기
DELETE FROM `notice`;
INSERT INTO `notice` (`id`, `content`, `created_at`, `pinned`, `title`) VALUES
	(1, '안녕하세요, TeamHub 리조트를 찾아주셔서 감사합니다.\n\n2025년 여름 성수기 (7월~8월) 동안의 객실 예약이 대부분 완료된 가운데, 현재 일부 잔여 객실에 한해 추가 예약이 가능하오니 빠른 예약을 권장드립니다.\n\n실시간 예약 현황은 홈페이지 내 마이페이지 또는 객실 예약 메뉴에서 확인 가능하며, 문의사항은 고객센터로 연락주시기 바랍니다.\n\n쾌적하고 안전한 여름휴가를 위해 최선을 다하겠습니다.\n\n감사합니다.', '2025-08-06 16:04:10.000000', b'1', '25년 여름 성수기 잔여 객실 안내'),
	(2, '안녕하세요. TeamHub 멤버십 운영팀입니다.\n\n지난 6월 실시한 멤버십 회원 대상 서비스 만족도 설문조사에 총 2,843명의 고객님께서 참여해 주셨습니다. 고객 여러분의 소중한 의견을 바탕으로 앞으로도 더 나은 서비스를 제공할 수 있도록 노력하겠습니다.\n\n조사 결과 요약은 아래와 같습니다:\n• 전체 만족도 평균: 4.7점 (5점 만점)\n• 가장 만족한 서비스: 객실 청결도, 직원 친절도\n• 개선 요청사항: 수상레저 운영시간 연장, 조식 품질 향상\n\n앞으로도 지속적인 피드백에 귀 기울이며 더 나은 리조트로 발전해 나가겠습니다.\n감사합니다.', '2025-08-06 16:04:10.000000', b'1', '멤버십 회원 이용 만족도 결과'),
	(3, '안녕하세요, 무더운 여름을 맞아 TeamHub 리조트에서 특별한 숙박 할인 이벤트를 진행합니다!\n\n• 기간: 2025년 7월 15일 ~ 8월 31일\n• 대상: 모든 일반 및 멤버십 고객\n• 혜택: 전 객실 최대 40% 할인 + 조식 무료 제공 (선착순)\n\n예약은 공식 홈페이지 또는 모바일 앱을 통해 가능합니다.\n이번 기회에 더 저렴한 가격으로 여름휴가를 준비해보세요.\n\n※ 조기 마감될 수 있으니 서둘러 예약하시기 바랍니다.\n감사합니다.', '2025-08-06 16:04:10.000000', b'0', '25년 여름맞이 숙박세일을 만나요!'),
	(4, '안전하고 즐거운 수상레저 활동을 위해 다음과 같은 이용 수칙을 안내드립니다.\n\n• 2025년 7월 1일부터 모든 수상레저(워터슬라이드, 워터파크, 서핑존 등) 이용 시 아쿠아슈즈 착용이 의무화됩니다.\n\n이는 고객님의 안전을 위한 조치로, 미끄러짐 및 발바닥 찰상 등 안전사고를 예방하기 위한 것입니다. 미착용 시 시설 이용이 제한될 수 있으며, 현장 매점에서도 아쿠아슈즈 구매가 가능합니다.\n\n이용에 불편을 드리게 되어 죄송하며, 너른 양해와 협조 부탁드립니다.\n감사합니다.', '2025-08-06 16:04:10.000000', b'0', '수상레저 아쿠아슈즈 의무 착용 안내'),
	(5, '고객 여러분께 보다 나은 서비스 제공을 위해 아래 기간 동안 정기 휴장을 실시합니다.\n\n• 휴장 기간: 2025년 8월 20일(수) ~ 2025년 8월 23일(토) [총 4일간]\n• 점검 대상: 객실 전체, 수상레저 시설, 실내 액티비티 존, 공용 설비 등\n\n해당 기간 동안 모든 예약 및 시설 이용이 제한되오니 이용에 참고 부탁드립니다.\n\n휴장 후 더욱 쾌적한 환경으로 찾아뵙겠습니다. 고객 여러분의 양해에 깊이 감사드립니다.', '2025-08-06 16:04:10.000000', b'0', '25년 정기 휴장 안내'),
	(6, '성수기 시즌을 맞아 방문 차량 증가가 예상됨에 따라 주차 공간이 매우 혼잡할 수 있습니다.\n\n• 리조트 내 주차장은 선착순 무료 운영하며, 만차 시 외부 제휴 주차장을 안내해드립니다.\n• 가급적 대중교통 이용을 권장드리며, 셔틀버스와 연계된 교통편도 제공되고 있습니다.\n\n※ 장애인 전용 주차구역은 엄격히 제한 운영됩니다. 양해 부탁드립니다.\n\n고객님의 편안한 리조트 이용을 위해 최선을 다하겠습니다.', '2025-08-06 16:04:10.000000', b'0', '주차 이용 안내'),
	(7, '안녕하세요, TeamHub 고객센터입니다.\n\n2025년 8월 1일부터 새로운 개인정보 처리방침이 적용될 예정입니다. 주요 변경 사항은 다음과 같습니다:\n\n1. 수집 항목 추가: 이벤트 참여 시 수집되는 항목 명시\n2. 제3자 제공 항목 및 목적 구체화\n3. 보관 및 파기 기준 강화\n\n자세한 내용은 홈페이지 내 [개인정보 처리방침] 메뉴를 통해 확인하실 수 있으며, 이의가 있는 경우 시행일 전까지 고객센터로 문의해주시기 바랍니다.\n\n앞으로도 고객님의 소중한 정보를 안전하게 보호하기 위해 노력하겠습니다.\n감사합니다.', '2025-08-06 16:04:10.000000', b'1', '개인정보 처리방침 변경 안내'),
	(8, '성수기 시즌을 맞아 수상레저 이용객이 증가할 것으로 예상됩니다.\n\n◾ 모든 이용객은 안전교육 후 장비를 착용한 상태에서만 탑승 가능합니다.\n◾ 기상 악화 시 안전을 위해 운영이 일시 중단될 수 있습니다.\n◾ 음주 후 이용은 절대 불가하며, 적발 시 환불 없이 이용이 제한됩니다.\n\n※ 안전요원의 안내와 지시에 반드시 따라주시기 바랍니다.\n\n고객님의 안전하고 즐거운 레저 활동을 위해 최선을 다하겠습니다.', '2025-08-12 14:56:27.000000', b'1', '성수기 수상레저 안전 이용 안내'),
	(9, '여름 성수기 기간 동안 실내 액티비티 이용객이 많아 혼잡이 예상됩니다.\n\n◾ 사전 예약제를 운영하며, 현장 예약은 잔여 시간대에 한해 가능합니다.\n◾ 프로그램 시작 10분 전까지 도착해 주시기 바랍니다.\n◾ 기구 사용 시 반드시 안전장비를 착용하시고, 관리자 지시에 따라주세요.\n\n※ 음식물 반입은 금지되며, 지정된 휴게 공간을 이용해 주세요.\n\n쾌적하고 안전한 이용 환경을 위해 최선을 다하겠습니다.', '2025-08-12 14:56:27.000000', b'0', '실내 액티비티 예약 및 이용 안내'),
	(10, '성수기 동안 객실 이용이 집중됨에 따라 원활한 청소 및 비품 교체를 위해 아래와 같이 운영됩니다.\n\n◾ 기본 객실 청소는 체크아웃 후 진행됩니다.\n◾ 장기 투숙객의 경우 요청 시 추가 청소가 가능합니다.\n◾ 침구, 수건, 세면도구 등 비품은 매일 오전 10시까지 요청해 주시기 바랍니다.\n\n※ 파손 또는 분실 시 추가 요금이 발생할 수 있습니다.\n\n보다 쾌적한 숙박 환경을 위해 최선을 다하겠습니다.', '2025-08-12 14:56:27.000000', b'0', '객실 청소 및 비품 교체 안내'),
	(11, '여름철 우천 시, 실외 활동이 어려운 고객님들을 위해 실내 프로그램을 확대 운영합니다.\n\n◾ 보드게임, 탁구, VR 체험 등 다양한 실내 콘텐츠를 준비했습니다.\n◾ 당일 기상 상황에 따라 일부 프로그램은 조정될 수 있습니다.\n◾ 이용 시간 및 장소는 안내 데스크에서 확인 가능합니다.\n\n※ 원활한 이용을 위해 사전 예약을 권장드립니다.\n\n비가 오는 날에도 즐거운 시간을 보내실 수 있도록 준비하겠습니다.', '2025-08-12 14:56:27.000000', b'0', '우천 시 실내 프로그램 확대 운영 안내');

-- 테이블 th.qna 구조 내보내기
DROP TABLE IF EXISTS `qna`;
CREATE TABLE IF NOT EXISTS `qna` (
  `id` bigint(20) NOT NULL AUTO_INCREMENT,
  `answer` longtext DEFAULT NULL,
  `answered_at` datetime(6) DEFAULT NULL,
  `category` varchar(50) NOT NULL,
  `content` tinytext NOT NULL,
  `created_at` datetime(6) DEFAULT NULL,
  `is_private` tinyint(1) DEFAULT 0,
  `status` enum('ANSWERED','PENDING') DEFAULT NULL,
  `title` varchar(255) NOT NULL,
  `username` varchar(50) NOT NULL,
  PRIMARY KEY (`id`)
) ENGINE=InnoDB AUTO_INCREMENT=71 DEFAULT CHARSET=utf8mb4 COLLATE=utf8mb4_general_ci;

-- 테이블 데이터 th.qna:~31 rows (대략적) 내보내기
DELETE FROM `qna`;
INSERT INTO `qna` (`id`, `answer`, `answered_at`, `category`, `content`, `created_at`, `is_private`, `status`, `title`, `username`) VALUES
	(17, '예약일로부터 3일전까지 가능합니다', '2025-08-07 17:27:02.000000', '결제/취소', '무료 환불은 예약일로부터 언제까지 가능한가요?', '2025-08-07 17:17:50.000000', 0, 'ANSWERED', '무료 환불은 예약일로부터 언제까지 가능한가요?', '김준경'),
	(18, '네 요청하시면 드리고 있습니다', '2025-08-07 17:26:46.000000', '객실예약', '객실에 추가 이불 있나요?', '2025-08-07 17:18:13.000000', 0, 'ANSWERED', '객실에 추가 이불 있나요?', '익명'),
	(27, '수상레저는 그때 기상 상황에 따라 운행하는 기구가 달라집니다', '2025-08-07 17:28:43.000000', '수상레저', '수상레저는 항상 전부 운행하나요?', '2025-08-07 17:28:01.000000', 0, 'ANSWERED', '수상레저는 항상 전부 운행하나요?', '김준경'),
	(35, '슬리퍼 대여는 따로 없습니다', '2025-08-07 17:24:41.000000', '수상레저', '수상레저할 때 슬리퍼 대여 가능한가요?', '2025-08-07 17:22:31.000000', 0, 'ANSWERED', '수상레저할 때 슬리퍼 대여 가능한가요?', '정동화'),
	(41, '수상레저는 신발 필수입니다', '2025-08-07 17:26:36.000000', '수상레저', '수상레저 할 때 신발은 필수로 필요한가요?', '2025-08-07 17:18:41.000000', 0, 'ANSWERED', '수상레저 할 때 신발은 필수로 필요한가요?', '김준경'),
	(42, '네 실내 액티비티는 현장 대기만 가능합니다', '2025-08-07 17:26:03.000000', '실내액티비티', '실내 액티비티는 따로 예약이 불가능한가요?', '2025-08-07 17:19:04.000000', 1, 'ANSWERED', '실내 액티비티는 따로 예약이 불가능한가요?', '익명'),
	(43, '운행에 문제없는 기구만 운행하고 있습니다', '2025-08-07 17:25:52.000000', '기타', '비가 와도 수상레저 운행하나요?', '2025-08-07 17:20:44.000000', 0, 'ANSWERED', '비가 와도 수상레저 운행하나요?', '장재원'),
	(44, '주변에 종류별로 식당이 있습니다', '2025-08-07 17:25:33.000000', '기타', '주변에 어떤 식당이 있나요?', '2025-08-07 17:21:17.000000', 0, 'ANSWERED', '주변에 어떤 식당이 있나요?', '익명'),
	(45, '수상레저는 5시까지 운행합니다', '2025-08-07 17:24:51.000000', '수상레저', '수상레저는 몇시까지 운행하나요?', '2025-08-07 17:21:41.000000', 0, 'ANSWERED', '수상레저는 몇시까지 운행하나요?', '익명'),
	(47, '네 필수입니다', '2025-08-07 17:24:30.000000', '수상레저', '수상레저할 때 모자 필수인가요?', '2025-08-07 17:22:55.000000', 0, 'ANSWERED', '수상레저할 때 모자 필수인가요?', '익명'),
	(50, '객실 예약은 웹사이트의 "예약하기" 버튼을 클릭하고, 원하는 체크인 날짜와 체크아웃 날짜를 선택한 후, 객실 종류를 선택하여 예약을 완료할 수 있습니다.', '2025-08-12 15:18:39.000000', '객실예약', '객실 예약은 어떻게 하나요?', '2025-08-12 15:11:21.000000', 0, 'ANSWERED', ' 객실 예약은 어떻게 하나요?', '정동화'),
	(51, ' 예약 변경 및 취소는 고객센터를 통해 처리되며, 각 예약의 취소 정책에 따라 다를 수 있습니다. 예약 시 제공되는 조건을 참고해 주세요.', '2025-08-12 15:18:32.000000', '객실예약', '예약 변경이나 취소는 어떻게 하나요?', '2025-08-12 15:11:43.000000', 0, 'ANSWERED', '예약 변경이나 취소는 어떻게 하나요?', '정동화'),
	(52, '예약 시 객실에 따라 추가 인원 옵션을 선택할 수 있습니다. 추가 인원에 대한 요금이 발생할 수 있으니, 예약 전에 확인해 주세요.', '2025-08-12 15:18:23.000000', '객실예약', '객실에 추가 인원은 어떻게 추가하나요?', '2025-08-12 15:12:02.000000', 1, 'ANSWERED', '객실에 추가 인원은 어떻게 추가하나요?', '정동화'),
	(53, '객실에는 에어컨, 무료 Wi-Fi, TV, 미니 냉장고, 욕실 용품 등이 기본적으로 제공됩니다. 추가 편의 시설은 객실 정보 페이지에서 확인하실 수 있습니다.', '2025-08-12 15:18:15.000000', '객실예약', '객실 내 편의 시설은 어떤 게 있나요?', '2025-08-12 15:12:17.000000', 0, 'ANSWERED', '객실 내 편의 시설은 어떤 게 있나요?', '익명'),
	(54, '저희 리조트에서는 수상 스키, 제트 스키, 패들보드, 카약 등 다양한 수상레저 활동을 제공합니다. 활동에 따라 사전 예약이 필요할 수 있습니다.', '2025-08-12 15:18:03.000000', '수상레저', '수상레저 활동은 무엇이 있나요?', '2025-08-12 15:12:41.000000', 0, 'ANSWERED', '수상레저 활동은 무엇이 있나요?', '정동화'),
	(55, '실내 액티비티로는 볼링, 배드민턴, 탁구, 실내 수영장, 피트니스 센터, VR 체험 등 다양한 선택지를 제공합니다.', '2025-08-12 15:17:55.000000', '실내액티비티', '실내 액티비티는 무엇이 있나요?', '2025-08-12 15:13:00.000000', 1, 'ANSWERED', '실내 액티비티는 무엇이 있나요?', '익명'),
	(56, '네, 리조트 전역에서 무료 Wi-Fi를 제공합니다. 객실 및 공용 공간 모두 Wi-Fi를 이용하실 수 있습니다.', '2025-08-12 15:17:43.000000', '기타', '무료 Wi-Fi는 제공되나요?', '2025-08-12 15:13:15.000000', 0, 'ANSWERED', '무료 Wi-Fi는 제공되나요?', '정동화'),
	(57, '리조트 내 장애인 전용 객실과 장애인 접근이 용이한 시설이 마련되어 있습니다. 필요하신 경우 사전 문의해 주세요.', '2025-08-12 15:17:35.000000', '기타', '장애인용 시설은 어떻게 되나요?', '2025-08-12 15:15:36.000000', 0, 'ANSWERED', '장애인용 시설은 어떻게 되나요?', '장재원'),
	(58, '실내 액티비티는 일반적으로 오전 9시부터 오후 9시까지 운영됩니다. 정확한 운영 시간은 각 액티비티별로 다를 수 있으므로 사전 확인을 권장드립니다.', '2025-08-12 15:17:06.000000', '실내액티비티', '실내 액티비티의 운영 시간은 어떻게 되나요?', '2025-08-12 15:15:58.000000', 0, 'ANSWERED', '실내 액티비티의 운영 시간은 어떻게 되나요?', '장재원'),
	(59, '네, 모든 수상레저 활동에 필요한 장비는 무료로 제공됩니다. 단, 일부 특별 장비는 별도의 요금이 부과될 수 있습니다.', '2025-08-12 15:16:52.000000', '수상레저', '수상레저 활동을 위한 장비는 제공되나요?', '2025-08-12 15:16:21.000000', 0, 'ANSWERED', '수상레저 활동을 위한 장비는 제공되나요?', '익명'),
	(60, '저희는 신용카드, 체크카드, 온라인 결제 시스템(카카오페이, 네이버페이 등) 및 은행 송금을 지원합니다. 결제 방법은 예약 시 선택하실 수 있습니다.', '2025-08-12 15:25:46.000000', '결제/취소', '결제는 어떤 방법으로 할 수 있나요?', '2025-08-12 15:21:03.000000', 0, 'ANSWERED', '결제는 어떤 방법으로 할 수 있나요?', '김준경'),
	(61, '네, 객실 예약 시 결제를 완료하셔야 예약이 확정됩니다. 결제 완료 후, 예약 확인서가 이메일로 발송됩니다.', '2025-08-12 15:25:39.000000', '결제/취소', '예약 시 결제를 완료해야 하나요?', '2025-08-12 15:21:15.000000', 0, 'ANSWERED', '예약 시 결제를 완료해야 하나요?', '김준경'),
	(62, '환불은 취소가 승인된 후 5~7일 내에 결제하신 카드로 반환됩니다. 송금 결제의 경우, 등록된 계좌로 환불됩니다. 다만, 환불 절차는 결제 방법에 따라 다를 수 있습니다.', '2025-08-12 15:25:13.000000', '결제/취소', '환불은 언제 이루어지나요?', '2025-08-12 15:21:29.000000', 0, 'ANSWERED', '환불은 언제 이루어지나요?', '익명'),
	(63, '네, 객실 내 추가 베개, 이불, 아기 침대, 알레르기 방지 침구 등 다양한 요청 사항을 고객센터를 통해 미리 신청하실 수 있습니다.', '2025-08-12 15:24:28.000000', '객실예약', '숙박 중에 요청할 수 있는 추가 서비스가 있나요?', '2025-08-12 15:21:50.000000', 1, 'ANSWERED', '숙박 중에 요청할 수 있는 추가 서비스가 있나요?', '익명'),
	(64, '악천후나 기상 이변으로 인해 활동이 불가능할 경우, 저희 팀에서 고객님께 자동으로 연락을 드리고 활동을 취소하거나 다른 일정을 조정할 수 있습니다.', '2025-08-12 15:25:05.000000', '수상레저', '날씨가 좋지 않으면 수상레저 활동을 취소할 수 있나요?', '2025-08-12 15:22:05.000000', 0, 'ANSWERED', '날씨가 좋지 않으면 수상레저 활동을 취소할 수 있나요?', '익명'),
	(65, '각 수상레저 활동에 따라 나이 제한이 있을 수 있습니다. 예를 들어, 제트 스키는 만 18세 이상, 카약은 만 10세 이상부터 참여하실 수 있습니다. 자세한 사항은 활동별로 확인 부탁드립니다.', '2025-08-12 15:24:58.000000', '수상레저', '수상레저 활동을 위한 나이 제한이 있나요?', '2025-08-12 15:22:40.000000', 0, 'ANSWERED', '수상레저 활동을 위한 나이 제한이 있나요?', '정동화'),
	(66, '대부분의 실내 액티비티는 예약 없이 이용 가능하지만, 특정 프로그램은 사전 예약이 필요할 수 있습니다. 특히, 인기 있는 활동은 미리 예약하시는 것을 추천드립니다.', '2025-08-12 15:24:48.000000', '실내액티비티', '실내 액티비티 이용 시 예약 없이 그냥 가도 되나요?', '2025-08-12 15:22:54.000000', 0, 'ANSWERED', '실내 액티비티 이용 시 예약 없이 그냥 가도 되나요?', '정동화'),
	(67, '네, 어린이 전용 액티비티로는 미니 볼링, 어린이 수영장, 키즈 클럽 등이 있습니다. 아이들이 안전하고 즐겁게 놀 수 있도록 다양한 프로그램을 준비해두었습니다.', '2025-08-12 15:24:36.000000', '실내액티비티', '어린이를 위한 실내 액티비티가 있나요?', '2025-08-12 15:23:06.000000', 1, 'ANSWERED', '어린이를 위한 실내 액티비티가 있나요?', '익명'),
	(68, '네, 객실 내에서 식사를 주문하실 수 있는 룸서비스가 제공됩니다. 메뉴와 가격은 객실 내 안내 책자나 웹사이트에서 확인 가능합니다.', '2025-08-12 15:24:15.000000', '객실예약', '객실 내에서 식사를 주문할 수 있나요?', '2025-08-12 15:23:20.000000', 0, 'ANSWERED', '객실 내에서 식사를 주문할 수 있나요?', '정동화'),
	(69, '객실에 체크인 하시면, Wi-Fi 이용을 위한 비밀번호를 제공해드립니다. 공용 공간에서의 Wi-Fi는 안내 데스크에서 비밀번호를 받으실 수 있습니다.', '2025-08-12 15:24:08.000000', '기타', '비밀번호가 필요한 Wi-Fi 이용 방법은 어떻게 되나요?', '2025-08-12 15:23:48.000000', 0, 'ANSWERED', '비밀번호가 필요한 Wi-Fi 이용 방법은 어떻게 되나요?', '익명'),
	(70, NULL, NULL, '실내액티비티', 'test', '2025-08-12 15:39:42.000000', 1, 'PENDING', 'TEST 1', '익명');

-- 테이블 th.reservation 구조 내보내기
DROP TABLE IF EXISTS `reservation`;
CREATE TABLE IF NOT EXISTS `reservation` (
  `id` bigint(20) NOT NULL AUTO_INCREMENT,
  `adults` int(11) DEFAULT NULL,
  `check_in_time` datetime(6) NOT NULL,
  `check_out_time` datetime(6) NOT NULL,
  `children` int(11) DEFAULT NULL,
  `imp_uid` varchar(100) DEFAULT NULL,
  `infants` int(11) DEFAULT NULL,
  `nights` int(11) DEFAULT NULL,
  `paid_amount` int(11) DEFAULT NULL,
  `room_name` varchar(255) DEFAULT NULL,
  `status` varchar(20) NOT NULL,
  `user_id` bigint(20) DEFAULT NULL,
  `username` varchar(50) NOT NULL,
  `room_id` bigint(20) NOT NULL,
  PRIMARY KEY (`id`),
  KEY `FKm8xumi0g23038cw32oiva2ymw` (`room_id`),
  KEY `FKrea93581tgkq61mdl13hehami` (`user_id`),
  CONSTRAINT `FKm8xumi0g23038cw32oiva2ymw` FOREIGN KEY (`room_id`) REFERENCES `room` (`id`),
  CONSTRAINT `FKrea93581tgkq61mdl13hehami` FOREIGN KEY (`user_id`) REFERENCES `users` (`id`)
) ENGINE=InnoDB AUTO_INCREMENT=15 DEFAULT CHARSET=utf8mb4 COLLATE=utf8mb4_general_ci;

-- 테이블 데이터 th.reservation:~14 rows (대략적) 내보내기
DELETE FROM `reservation`;
INSERT INTO `reservation` (`id`, `adults`, `check_in_time`, `check_out_time`, `children`, `imp_uid`, `infants`, `nights`, `paid_amount`, `room_name`, `status`, `user_id`, `username`, `room_id`) VALUES
	(1, 4, '2025-08-06 15:00:00.000000', '2025-08-07 11:00:00.000000', 0, 'imp_195140564169', 0, 1, 100, '2인실A', '예약완료', 7, '김준경', 1),
	(2, 4, '2025-08-03 15:00:00.000000', '2025-08-06 11:00:00.000000', 0, 'imp_895201989531', 0, 3, 300, '2인실A', '예약완료', 6, '장재원', 1),
	(3, 4, '2025-08-04 15:00:00.000000', '2025-08-05 11:00:00.000000', 0, 'imp_780242936940', 0, 1, 100, '2인실C', '예약완료', 6, '장재원', 3),
	(4, 10, '2025-08-25 15:00:00.000000', '2025-08-31 11:00:00.000000', 3, 'imp_334281806939', 0, 6, 200, '2인실B', '예약완료', 6, '장재원', 6),
	(5, 5, '2025-08-22 12:00:00.000000', '2025-08-26 11:00:00.000000', 0, 'imp_333341343654', 0, 4, 100, '2인실C', '예약완료', 6, '장재원', 3),
	(6, 3, '2025-08-19 15:00:00.000000', '2025-08-21 11:00:00.000000', 0, 'imp_307783564332', 0, 2, 200, '2인실B', '예약완료', 7, '재운', 2),
	(7, 4, '2025-08-15 11:00:00.000000', '2025-08-16 11:00:00.000000', 2, 'imp_713840291612', 0, 1, 100, '2인실A', '취소완료', 7, '재운', 1),
	(8, 4, '2025-08-20 15:00:00.000000', '2025-08-22 11:00:00.000000', 3, 'imp_546893223636', 2, 2, 200, '2인실B', '예약완료', 7, '재운', 6),
	(9, 2, '2025-08-16 15:00:00.000000', '2025-08-17 11:00:00.000000', 0, 'imp_501436138889', 0, 1, 100, '2인실C', '예약완료', 7, '재운', 4),
	(10, 2, '2025-09-05 15:00:00.000000', '2025-09-08 11:00:00.000000', 0, 'imp_463028271002', 0, 3, 300, '2인실C', '예약완료', 7, '재운', 4),
	(11, 2, '2025-09-30 15:00:00.000000', '2025-10-30 11:00:00.000000', 1, 'imp_019134080483', 0, 30, 3000, '2인실A', '취소완료', 9, '김준윤', 1),
	(12, 1, '2025-09-05 19:00:00.000000', '2025-09-06 09:00:00.000000', 1, 'imp_548930757002', 0, 1, 100, '2인실A', '취소완료', 9, '김준윤', 1),
	(13, 2, '2025-08-17 15:00:00.000000', '2025-08-17 11:00:00.000000', 0, 'imp_572115458516', 0, 0, 100, '2인실A', '예약완료', 4, '정동화', 4),
	(14, 2, '2025-08-18 15:00:00.000000', '2025-08-08 11:00:00.000000', 0, 'imp_950424448299', 0, 0, 100, '2인실B', '예약완료', 4, '정동화', 2);

-- 테이블 th.review 구조 내보내기
DROP TABLE IF EXISTS `review`;
CREATE TABLE IF NOT EXISTS `review` (
  `id` bigint(20) NOT NULL AUTO_INCREMENT,
  `category` varchar(255) NOT NULL,
  `content` varchar(1000) NOT NULL,
  `created_at` datetime(6) DEFAULT NULL,
  `image_name` varchar(255) DEFAULT NULL,
  `rating` int(11) NOT NULL,
  `reply` text DEFAULT NULL,
  `reported` bit(1) NOT NULL,
  `target_id` bigint(20) NOT NULL,
  `user_id` bigint(20) NOT NULL,
  PRIMARY KEY (`id`),
  KEY `FK6cpw2nlklblpvc7hyt7ko6v3e` (`user_id`),
  CONSTRAINT `FK6cpw2nlklblpvc7hyt7ko6v3e` FOREIGN KEY (`user_id`) REFERENCES `users` (`id`)
) ENGINE=InnoDB AUTO_INCREMENT=37 DEFAULT CHARSET=utf8mb4 COLLATE=utf8mb4_general_ci;

-- 테이블 데이터 th.review:~12 rows (대략적) 내보내기
DELETE FROM `review`;
INSERT INTO `review` (`id`, `category`, `content`, `created_at`, `image_name`, `rating`, `reply`, `reported`, `target_id`, `user_id`) VALUES
	(25, 'room', '가성비 최고의 숙소였어요. 추천합니다!', '2025-08-01 09:30:00.000000', 'room1.jpg', 5, NULL, b'0', 1, 2),
	(26, 'room', '조용해서 쉬기 좋았고 침대도 편했어요.', '2025-08-02 13:00:00.000000', 'room2.jpg', 4, NULL, b'0', 2, 4),
	(27, 'room', '방음이 약간 아쉬웠지만 청결은 최고였어요.', '2025-08-03 11:45:00.000000', 'room3.jpg', 3, NULL, b'0', 3, 6),
	(28, 'room', '아이들과 함께 오기 딱 좋은 숙소였습니다.', '2025-08-04 15:20:00.000000', 'room4.jpg', 5, NULL, b'0', 4, 7),
	(29, 'room', '에어컨이 빵빵해서 더위 걱정 없었어요.', '2025-08-05 10:15:00.000000', 'room5.jpg', 4, NULL, b'0', 5, 2),
	(30, 'room', '재방문 의사 있습니다. 다음엔 부모님 모시고 올게요.', '2025-08-06 16:50:00.000000', 'room6.jpg', 5, NULL, b'0', 6, 4),
	(31, 'activity', '정말 신나는 경험이었어요! 또 하고 싶어요.', '2025-08-07 10:00:00.000000', 'act1.jpg', 5, NULL, b'0', 1, 6),
	(32, 'activity', '강사님이 친절하게 잘 가르쳐주셨어요.', '2025-08-08 14:20:00.000000', 'act2.jpg', 4, NULL, b'0', 2, 7),
	(33, 'activity', '날씨가 좋아서 더 즐거웠던 수상레저!', '2025-08-09 09:50:00.000000', 'act3.jpg', 5, NULL, b'0', 3, 2),
	(34, 'activity', '시설이 조금 오래됐지만 안전하게 즐겼습니다.', '2025-08-10 11:40:00.000000', 'act4.jpg', 3, NULL, b'0', 4, 4),
	(35, 'activity', '오후권으로 했는데 시간 충분했어요.', '2025-08-11 13:35:00.000000', 'act5.jpg', 4, NULL, b'0', 5, 6),
	(36, 'activity', '가족 모두 만족한 체험이었습니다.', '2025-08-12 17:00:00.000000', 'act6.jpg', 5, NULL, b'0', 6, 7);

-- 테이블 th.room 구조 내보내기
DROP TABLE IF EXISTS `room`;
CREATE TABLE IF NOT EXISTS `room` (
  `id` bigint(20) NOT NULL AUTO_INCREMENT,
  `capacity` int(11) NOT NULL,
  `description` longtext DEFAULT NULL,
  `image_url` varchar(255) DEFAULT NULL,
  `name` varchar(100) NOT NULL,
  `price` int(11) NOT NULL,
  `status` varchar(20) NOT NULL,
  `type` varchar(50) NOT NULL,
  PRIMARY KEY (`id`)
) ENGINE=InnoDB AUTO_INCREMENT=10 DEFAULT CHARSET=utf8mb4 COLLATE=utf8mb4_general_ci;

-- 테이블 데이터 th.room:~9 rows (대략적) 내보내기
DELETE FROM `room`;
INSERT INTO `room` (`id`, `capacity`, `description`, `image_url`, `name`, `price`, `status`, `type`) VALUES
	(1, 4, '퀸침대 2개, 풀옵션 주방, 바베큐 시설 완비', '/img/room1.jpg', '2인실A', 100, '예약가능', '2인실'),
	(2, 4, '퀸침대 2개, 풀옵션 주방, 바베큐 시설 완비', '/img/room2.jpg', '2인실B', 100, '예약가능', '2인실'),
	(3, 4, '바다가 보이는 더블스룸', '/img/room3.jpg', '2인실C', 100, '예약가능', '2인실'),
	(4, 6, '바다가 보이는 더블스룸', '/img/room1.jpg', '4인실A', 100, '예약가능', '4인실'),
	(5, 6, '가성비 좋은 스탠다드룸', '/img/room2.jpg', '4인실B', 100, '예약가능', '4인실'),
	(6, 6, '가성비 좋은 스탠다드룸', '/img/room3.jpg', '4인실C', 100, '예약가능', '4인실'),
	(7, 8, '온 가족이 머물기 좋은 패밀리룸', '/img/room1.jpg', '7인실A', 100, '예약가능', '7인실'),
	(8, 8, '온 가족이 머물기 좋은 패밀리룸', '/img/room2.jpg', '7인실B', 100, '예약가능', '7인실'),
	(9, 10, '쾌적한 분위기의 스위트룸', '/img/room3.jpg', '7인실C', 100, '예약가능', '7인실');


-- 테이블 th.users 구조 내보내기
DROP TABLE IF EXISTS `users`;
CREATE TABLE IF NOT EXISTS `users` (
  `id` bigint(20) NOT NULL AUTO_INCREMENT,
  `email` varchar(255) NOT NULL,
  `role` varchar(255) NOT NULL,
  `tel` varchar(255) NOT NULL,
  `userid` varchar(255) NOT NULL,
  `username` varchar(255) NOT NULL,
  `userpw` varchar(255) NOT NULL,
  PRIMARY KEY (`id`),
  UNIQUE KEY `UKjyjiwnaabof8kpd0gclhcj2lh` (`userid`)
) ENGINE=InnoDB AUTO_INCREMENT=19 DEFAULT CHARSET=utf8mb4 COLLATE=utf8mb4_general_ci;

-- 테이블 데이터 th.users:~5 rows (대략적) 내보내기
DELETE FROM `users`;
INSERT INTO `users` (`id`, `email`, `role`, `tel`, `userid`, `username`, `userpw`) VALUES
	(1, 'asdf@naver.com', 'admin', '010-5678-1234', 'admin', '관리자', '$2a$10$5oyVMpLtbuYMmWkpEWxFceKeKhOMDZLmdJImhj8igcF0MmH0Ye.ni'),
	(2, 'wnsrud0803@naver.com', 'user', '01022164351', 'wnsrud0803', '김준경', '$2a$10$MeX3f7rMaXMLQpuNKE6bYOz.jYx.f/YWOtVC83/yG3s07z7lVyMAq'),
	(4, 'donghwa3790@gmail.com', 'user', '01035321017', 'ehdghk113', '정동화', '$2a$10$4pvjEChq3fvevjaz18P96u/7jUCEGg9ljlAHSBcVczQybwbyI8A2u'),
	(6, 'jangsung202@naver.com', 'user', '01080753718', 'qwer1234', '장재원', '$2a$10$cj8K/ENWgsB64WSA4LRNtOHtRvh.j53kXgMkRZ6A1U31a8EWbDqau'),
	(7, 'jangsung0031@gmail.com', 'user', '01080753718', 'qwer1111', '재운', '$2a$10$qONpQ8weU88DQzOahp3Hjup7wMkJCLiiMYCRoOuD34rzOf4VK3uOq'),
	(9, 'hosepor591@nicext.com', 'user', '01037281594', 'kimjy1594', '김종윤', '$2a$10$gzu4LXmj38FMYZjfbqs6FO30Nqw7NjBFUbbGQRUWHQIqAZoWh.SqG');

-- 테이블 th.water_reservation 구조 내보내기
DROP TABLE IF EXISTS `water_reservation`;
CREATE TABLE IF NOT EXISTS `water_reservation` (
  `id` bigint(20) NOT NULL AUTO_INCREMENT,
  `amount` int(11) NOT NULL,
  `imp_uid` varchar(255) DEFAULT NULL,
  `people_count` int(11) NOT NULL,
  `reservation_date` date DEFAULT NULL,
  `status` varchar(255) DEFAULT NULL,
  `ticket_type` varchar(255) DEFAULT NULL,
  `user_id` bigint(20) DEFAULT NULL,
  PRIMARY KEY (`id`),
  KEY `FKo1i5g7g1vfhowy0f8k91gaodt` (`user_id`),
  CONSTRAINT `FKo1i5g7g1vfhowy0f8k91gaodt` FOREIGN KEY (`user_id`) REFERENCES `users` (`id`)
) ENGINE=InnoDB AUTO_INCREMENT=13 DEFAULT CHARSET=utf8mb4 COLLATE=utf8mb4_general_ci;

-- 테이블 데이터 th.water_reservation:~12 rows (대략적) 내보내기
DELETE FROM `water_reservation`;
INSERT INTO `water_reservation` (`id`, `amount`, `imp_uid`, `people_count`, `reservation_date`, `status`, `ticket_type`, `user_id`) VALUES
	(1, 100, 'imp_047103158741', 1, '2025-08-02', '예약완료', '오후권', 7),
	(2, 400, 'imp_459127415174', 4, '2025-08-23', '예약완료', '종일권', 7),
	(3, 400, 'imp_736152264817', 4, '2025-08-16', '예약완료', '종일권', 7),
	(4, 200, 'imp_726181487172', 2, '2025-09-07', '예약완료', '종일권', 7),
	(5, 100, 'imp_679211988420', 1, '2025-08-30', '예약완료', '오후권', 7),
	(6, 100, 'imp_073359175319', 2, '2025-08-04', '예약완료', '오후권', 6),
	(7, 200, 'imp_795388067040', 2, '2025-08-16', '예약완료', '종일권', 6),
	(8, 100, 'imp_712412910423', 1, '2025-08-05', '예약완료', '오후권', 6),
	(9, 200, 'imp_501436138889', 2, '2025-08-30', '예약완료', '종일권', 6),
	(10, 100, 'imp_058477485412', 1, '2025-09-05', '예약완료', '오후권', 6),
	(11, 100, 'imp_369482917716', 1, '2025-08-07', '취소 완료', '오전권', 9),
	(12, 100, 'imp_095463744473', 1, '2025-08-08', '예약완료', '오전권', 6);

/*!40103 SET TIME_ZONE=IFNULL(@OLD_TIME_ZONE, 'system') */;
/*!40101 SET SQL_MODE=IFNULL(@OLD_SQL_MODE, '') */;
/*!40014 SET FOREIGN_KEY_CHECKS=IFNULL(@OLD_FOREIGN_KEY_CHECKS, 1) */;
/*!40101 SET CHARACTER_SET_CLIENT=@OLD_CHARACTER_SET_CLIENT */;
/*!40111 SET SQL_NOTES=IFNULL(@OLD_SQL_NOTES, 1) */;
